<?xml version="1.0" encoding="UTF-8"?>
<project-private xmlns="http://www.netbeans.org/ns/project-private/1">
    <editor-bookmarks xmlns="http://www.netbeans.org/ns/editor-bookmarks/2" lastBookmarkId="0"/>
    <open-files xmlns="http://www.netbeans.org/ns/projectui-open-files/2">
        <group>
            <file>file:/C:/Users/lab_services_student/Documents/NetBeansProjects/ST10376451_PROG6112_Exam/test/TicketDetailsTest.java</file>
            <file>file:/C:/Users/lab_services_student/Documents/NetBeansProjects/ST10376451_PROG6112_Exam/src/Question2/ITicketCalculator.java</file>
            <file>file:/C:/Users/lab_services_student/Documents/NetBeansProjects/ST10376451_PROG6112_Exam/src/Question2/TicketDetails.java</file>
            <file>file:/C:/Users/lab_services_student/Documents/NetBeansProjects/ST10376451_PROG6112_Exam/test/TicketSalesAppTest.java</file>
            <file>file:/C:/Users/lab_services_student/Documents/NetBeansProjects/ST10376451_PROG6112_Exam/src/Question1/MovieTickets.java</file>
            <file>file:/C:/Users/lab_services_student/Documents/NetBeansProjects/ST10376451_PROG6112_Exam/src/Question1/IMovieTickets.java</file>
            <file>file:/C:/Users/lab_services_student/Documents/NetBeansProjects/ST10376451_PROG6112_Exam/src/Question2/TicketSalesApp.java</file>
        </group>
    </open-files>
</project-private>
